0.0	0.0	99
0.0	0.0	99
0.0	0.0	99
0.0	0.0	99
0.0	0.0	99
0.0	0.0	99
0.0	0.0	99
0.0	0.0	99
0.0	0.0	99
0.0	0.0	99
0.0	0.0	99
0.0	0.0	99
0.0	0.0	99
0.0	0.0	99
0.0	0.0	99
0.0	0.0	99
0.0	0.0	99
0.0	0.0	99
0.0	0.0	99
0.0	0.0	99
0.0	0.0	99
0.0	0.0	99
0.0	0.0	99
0.0	0.0	99
0.0	0.0	99
0.0	0.0	99
0.0	0.0	99
0.0	0.0	99
0.0	0.0	99
0.011131950130089052	-0.033395848017349294	99
0.03339585039026716	-0.05565974985947264	99
0.0	-0.011131949339116431	99
0.0	-0.011131949339116431	99
0.0	-0.011131949339116431	99
0.0	-0.011131949339116431	99
0.0	-0.011131949339116431	99
0.0	-0.011131949339116431	99
0.011131950130089052	-0.033395848017349294	99
0.04452780052035621	-0.0779236485377055	99
0.05565974985947264	-0.11131949971894528	99
0.06679169998956169	-0.12245144905806171	99
0.06679169998956169	-0.13358339839717814	99
0.06679169998956169	-0.13358339839717814	99
0.06679169998956169	-0.13358339839717814	99
0.05565974985947264	-0.13358339839717814	99
0.04452780052035621	-0.12245144905806171	99
0.0	-0.05565974985947264	99
0.0	-0.05565974985947264	99
0.0	-0.05565974985947264	99
0.0	-0.05565974985947264	99
0.0	-0.05565974985947264	99
0.0	-0.05565974985947264	99
0.0	-0.05565974985947264	99
0.0	-0.05565974985947264	99
0.0	-0.05565974985947264	99
0.0	-0.05565974985947264	99
0.0	-0.05565974985947264	99
0.0	-0.05565974985947264	99
0.0	-0.05565974985947264	99
0.0	-0.05565974985947264	99
0.0	-0.05565974985947264	99
0.0	-0.05565974985947264	99
0.0	-0.05565974985947264	99
0.0	-0.05565974985947264	99
0.0	-0.05565974985947264	99
0.0	-0.05565974985947264	99
0.0	-0.05565974985947264	99
0.0	-0.05565974985947264	99
0.0	-0.05565974985947264	99
0.0	0.0	99
0.0	0.0	99
0.0	0.0	99
0.0	0.0	99
0.0	0.0	99
0.0	0.0	99
0.0	0.0	99
0.0	0.0	99
0.0	0.0	99
0.0	0.0	99
0.0	0.0	99
0.0	0.0	99
0.0	0.0	99
0.0	0.0	99
0.0	0.0	99
0.0	0.0	99
0.0	0.0	99
0.0	0.0	99
0.0	0.0	99
0.0	0.0	99
0.0	0.0	99
0.0	0.0	99
0.0	0.0	99
0.0	0.0	99
0.0	0.0	99
0.0	0.0	99
0.0	0.0	99
0.0	0.0	99
0.0	0.0	99
0.0	0.0	99
0.0	0.0	99
0.0	0.0	99
0.0	0.0	99
0.0	0.0	99
0.0	0.0	99
0.0	0.0	99
0.0	0.0	99
0.0	0.0	99
0.0	0.0	99
0.0	0.0	99
0.0	0.0	99
0.0	0.0	99
-0.022263899469205484	0.022263901842123346	99
-0.05565974985947264	0.03339585118123978	99
-0.07792365011965074	0.04452780052035621	98
-0.08905559945876718	0.05565974985947264	98
-0.08905559945876718	0.05565974985947264	98
-0.08905559945876718	0.05565974985947264	98
-0.08905559945876718	0.05565974985947264	98
-0.07792365011965074	0.04452780052035621	98
-0.06679169998956169	0.04452780052035621	98
0.011131950130089052	-0.04452780052035621	98
0.011131950130089052	-0.04452780052035621	98
0.022263900260178104	-0.04452780052035621	98
0.022263900260178104	-0.04452780052035621	98
0.022263900260178104	-0.04452780052035621	98
0.022263900260178104	-0.04452780052035621	98
0.022263900260178104	-0.04452780052035621	98
0.022263900260178104	-0.04452780052035621	98
0.022263900260178104	-0.04452780052035621	98
0.022263900260178104	-0.04452780052035621	98
0.022263900260178104	-0.04452780052035621	98
0.022263900260178104	-0.04452780052035621	98
0.022263900260178104	-0.04452780052035621	98
0.022263900260178104	-0.04452780052035621	98
0.022263900260178104	-0.04452780052035621	98
0.022263900260178104	-0.04452780052035621	98
0.022263900260178104	-0.04452780052035621	98
0.022263900260178104	-0.04452780052035621	98
0.022263900260178104	-0.04452780052035621	98
0.022263900260178104	-0.04452780052035621	98
0.022263900260178104	-0.04452780052035621	98
0.022263900260178104	-0.04452780052035621	98
0.0	0.0	98
0.0	0.0	98
0.0	0.0	98
0.0	0.0	98
0.0	0.0	98
0.0	0.0	98
0.0	0.0	98
0.0	0.0	98
0.0	0.0	98
0.0	0.0	98
0.0	0.0	98
0.0	0.0	98
0.0	0.0	98
0.0	0.0	98
0.0	0.0	98
0.0	0.0	98
0.0	0.0	98
0.0	0.0	98
0.0	0.0	98
0.0	0.0	98
0.0	0.0	98
0.0	0.0	98
0.0	0.0	98
0.0	0.0	98
0.0	0.0	98
0.0	0.0	98
0.0	0.0	98
0.0	0.0	98
0.0	0.0	98
0.0	0.0	98
0.0	0.0	98
0.0	0.0	77
0.0	0.011131952503006914	77
0.0	0.011131952503006914	77
0.011131950130089052	0.011131952503006914	77
0.011131950130089052	0.022263901842123346	76
0.011131950130089052	0.022263901842123346	76
0.011131950130089052	0.022263901842123346	76
0.011131950130089052	0.022263901842123346	76
0.011131950130089052	0.022263901842123346	75
0.011131950130089052	0.022263901842123346	75
0.011131950130089052	0.022263901842123346	75
0.011131950130089052	0.022263901842123346	75
0.011131950130089052	0.022263901842123346	74
0.011131950130089052	0.022263901842123346	74
1.168854750212816	0.0	74
6.033516900111703	-0.17811119891753435	74
10.308185700234624	-0.22263899943789056	73
12.67929105025955	-0.21150705009877413	73
16.163591399846847	-0.18924314825665078	73
20.794482600177755	-0.233770948777007	73
23.25464354966145	-0.24490289811612342	72
25.236130649879094	-0.233770948777007	72
29.243632650043768	-0.25603484745523986	72
31.959828450146592	-0.2782987492973632	72
32.405106449813346	-0.25603484745523986	71
32.41623839994344	-0.25603484745523986	71
32.405106449813346	-0.25603484745523986	71
32.31605084956361	-0.26716679995824677	71
32.28265499996431	-0.26716679995824677	70
32.249259149574044	-0.2782987492973632	70
32.23812720023493	-0.2782987492973632	70
32.23812720023493	-0.2782987492973632	70
32.805856649750716	-0.2782987492973632	69
35.86714289993144	-0.2782987492973632	69
40.15294365018445	-0.30056264797559606	69
42.40159754956937	-0.2782987492973632	69
42.702160199917884	-0.25603484745523986	68
42.746687999647264	-0.24490289811612342	68
42.69102824978779	-0.25603484745523986	68
42.66876434952761	-0.26716679995824677	68
44.449876349776574	-0.2782987492973632	67
48.52417004993081	-0.30056264797559606	67
51.77469944995013	-0.30056264797559606	67
52.80997080018382	0.311694600478603	67
52.54280400022557	3.194869650159845	66
52.06413015016855	8.449150051447958	66
51.652248000101096	11.888922599723927	66
51.46300485026249	12.879666151019208	65
51.42960899987223	13.113437099796215	65
51.42960899987223	13.102305150457099	65
51.45187290013241	12.990985650738153	65
51.47413679960161	12.924193951539564	64
51.4852687497317	12.890798100358325	64
51.4852687497317	12.890798100358325	64
51.4852687497317	12.913062002200448	64
51.4852687497317	12.957589802720804	63
51.4852687497317	12.990985650738153	63
51.4852687497317	13.013249552580277	63
51.85262310006978	13.057777349936742	62
52.18658160001759	13.091173201117982	62
52.54280400022557	13.124569052299222	62
52.89902639964259	13.157964900316571	62
53.26638074998066	13.191360751497811	61
53.61147120005856	13.235888552018167	61
53.83411019949645	13.2581524506964	61
53.84524214962654	13.2581524506964	61
53.84524214962654	13.2581524506964	60
53.84524214962654	13.2581524506964	60
53.84524214962654	13.2581524506964	60
53.84524214962654	13.2581524506964	60
53.84524214962654	13.2581524506964	59
53.84524214962654	13.2581524506964	59
53.84524214962654	13.2581524506964	59
53.84524214962654	13.2581524506964	59
53.84524214962654	13.2581524506964	59
53.84524214962654	13.2581524506964	58
53.84524214962654	13.2581524506964	58
53.84524214962654	13.2581524506964	58
53.84524214962654	13.2581524506964	58
53.84524214962654	13.2581524506964	57
53.84524214962654	13.2581524506964	57
53.84524214962654	13.2581524506964	57
53.84524214962654	13.2581524506964	57
53.84524214962654	13.2581524506964	56
53.84524214962654	13.2581524506964	56
53.84524214962654	13.2581524506964	56
53.84524214962654	13.2581524506964	56
53.84524214962654	13.2581524506964	55
53.84524214962654	13.2581524506964	55
53.84524214962654	13.2581524506964	55
53.84524214962654	13.2581524506964	55
53.84524214962654	13.2581524506964	54
53.84524214962654	13.2581524506964	54
53.84524214962654	13.2581524506964	54
53.84524214962654	13.2581524506964	54
53.84524214962654	13.2581524506964	54
53.84524214962654	13.2581524506964	53
53.84524214962654	13.2581524506964	53
53.84524214962654	13.2581524506964	53
53.84524214962654	13.2581524506964	53
53.84524214962654	13.2581524506964	52
53.84524214962654	13.2581524506964	52
53.84524214962654	13.2581524506964	52
53.84524214962654	13.2581524506964	52
53.84524214962654	13.2581524506964	51
53.84524214962654	13.2581524506964	51
53.84524214962654	13.2581524506964	51
53.84524214962654	13.2581524506964	50
53.84524214962654	13.2581524506964	50
53.84524214962654	13.2581524506964	50
53.84524214962654	13.2581524506964	50
53.84524214962654	13.2581524506964	49
53.84524214962654	13.2581524506964	49
53.84524214962654	13.2581524506964	49
53.84524214962654	13.2581524506964	49
53.84524214962654	13.2581524506964	48
53.84524214962654	13.2581524506964	48
53.84524214962654	13.2581524506964	48
53.84524214962654	13.2581524506964	48
53.84524214962654	13.247020501357284	48
53.84524214962654	13.2581524506964	48
53.84524214962654	13.2581524506964	48
53.84524214962654	13.2581524506964	48
53.84524214962654	13.2581524506964	48
53.84524214962654	13.2581524506964	48
53.84524214962654	13.2581524506964	48
53.84524214962654	13.2581524506964	48
53.84524214962654	13.2581524506964	48
53.84524214962654	13.2581524506964	48
53.84524214962654	13.2581524506964	48
53.84524214962654	13.2581524506964	48
53.84524214962654	13.2581524506964	48
53.84524214962654	13.2581524506964	48
53.84524214962654	13.2581524506964	48
53.84524214962654	13.2581524506964	48
53.84524214962654	13.2581524506964	48
53.84524214962654	13.2581524506964	48
53.84524214962654	13.2581524506964	48
53.84524214962654	13.2581524506964	48
53.84524214962654	13.2581524506964	48
53.84524214962654	13.2581524506964	48
53.84524214962654	13.2581524506964	48
53.84524214962654	13.2581524506964	48
53.84524214962654	13.2581524506964	48
53.84524214962654	13.2581524506964	48
53.84524214962654	13.2581524506964	48
53.84524214962654	13.2581524506964	48
53.84524214962654	13.2581524506964	48
53.84524214962654	13.2581524506964	48
53.84524214962654	13.2581524506964	48
53.84524214962654	13.2581524506964	48
53.84524214962654	13.2581524506964	48
53.84524214962654	13.2581524506964	48
53.84524214962654	13.2581524506964	48
53.84524214962654	13.2581524506964	48
53.84524214962654	13.2581524506964	48
53.84524214962654	13.2581524506964	48
53.84524214962654	13.2581524506964	48
53.84524214962654	13.2581524506964	48
53.84524214962654	13.2581524506964	48
53.84524214962654	13.2581524506964	48
53.84524214962654	13.2581524506964	48
53.84524214962654	13.2581524506964	48
53.84524214962654	13.2581524506964	48
53.84524214962654	13.2581524506964	48
53.84524214962654	13.2581524506964	48
53.84524214962654	13.2581524506964	48
53.84524214962654	13.2581524506964	48
53.84524214962654	13.2581524506964	48
53.84524214962654	13.2581524506964	48
53.84524214962654	13.2581524506964	48
53.84524214962654	13.2581524506964	48
53.85637409975663	13.269284400035517	48
53.85637409975663	13.269284400035517	48
53.85637409975663	13.269284400035517	48
53.85637409975663	13.269284400035517	48
53.85637409975663	13.269284400035517	48
53.85637409975663	13.269284400035517	48
53.85637409975663	13.269284400035517	48
53.85637409975663	13.269284400035517	48
53.85637409975663	13.269284400035517	48
53.85637409975663	13.269284400035517	48
53.85637409975663	13.269284400035517	48
53.85637409975663	13.269284400035517	48
53.85637409975663	13.269284400035517	48
53.85637409975663	13.269284400035517	48
53.85637409975663	13.280416352538523	48
0.0	0.011131949339116431	98
-0.011131950130089052	0.011131949339116431	97
-0.011131950130089052	0.011131949339116431	97
-0.011131950130089052	0.0	97
0.0	-0.011131949339116431	97
0.0	-0.011131949339116431	96
0.0	-0.011131949339116431	96
0.011131950130089052	-0.011131949339116431	96
0.011131950130089052	-0.011131949339116431	96
0.0	-0.011131949339116431	95
0.0	0.0	95
0.690180900155795	-0.022263898678232863	95
3.873918600185551	-0.11131949971894528	95
8.71631684982426	-0.16697924957841792	94
11.922318450114194	-0.2003751007596577	94
12.846270299837968	-0.21150705009877413	94
13.035513449676564	-0.233770948777007	94
13.046645399806653	-0.2449029012800139	93
13.00211760007727	-0.25603485061913034	93
12.946457850217797	-0.25603485061913034	93
12.935325900087708	-0.25603485061913034	93
12.935325900087708	-0.25603485061913034	92
12.935325900087708	-0.25603485061913034	92
12.957589799556914	-0.25603485061913034	92
12.968721749687003	-0.25603485061913034	91
12.979853699817092	-0.25603485061913034	91
12.99098564994718	-0.25603485061913034	91
13.013249550207359	-0.25603485061913034	91
13.347208050155167	-0.25603485061913034	90
13.837013849551305	-0.25603485061913034	90
14.349083549998593	-0.25603485061913034	90
15.01700054989421	-0.25603485061913034	90
15.49567439995123	-0.25603485061913034	89
15.551334149810703	-0.2449029012800139	89
15.540202199680614	-0.2449029012800139	89
15.50680635008132	-0.2449029012800139	89
15.451146600221847	-0.2449029012800139	88
15.395486849571402	-0.2449029012800139	88
15.32869514958184	-0.2449029012800139	88
15.284167349852456	-0.2449029012800139	87
15.239639550123073	-0.25603485061913034	87
15.195111749602717	-0.25603485061913034	87
15.139451999743244	-0.25603485061913034	87
15.117188099483066	-0.25603485061913034	86
15.117188099483066	-0.25603485061913034	86
15.117188099483066	-0.25603485061913034	86
15.117188099483066	-0.25603485061913034	86
16.286042849695882	-0.25603485061913034	85
19.981850250172926	-0.2782987492973632	85
23.90029665008786	-0.28943069863647963	85
25.59235305008708	-0.7124447988340279	85
25.52556135009752	-2.4156331489633374	84
25.558957199696813	-2.137334399665974	84
25.60348500021717	0.9796115987922747	84
25.50329744983734	6.189364199560032	84
25.058019450170587	9.551213099298295	83
22.965212850233996	10.68667199832987	83
19.091294250048445	8.783108550604794	83
16.430758199805094	7.7255733001109235	83
11.109686100109364	8.126323498466348	82
6.089176649971176	8.237643001349184	82
0.7569726001453567	8.293302751208657	82
-4.6197592502008185	8.34896250106813	82
-10.029886950146288	8.360094450407246	81
-15.362090999972107	8.360094450407246	81
-20.772218699917577	8.360094450407246	81
-25.536693300227608	8.34896250106813	81
-29.978341349928947	8.337830548565123	80
-32.71680105029195	8.326698599226006	80
-33.31792635019801	8.31556664988689	80
-33.32905830032809	8.31556664988689	80
-33.25113465020844	8.337830548565123	79
-33.162079049958706	8.360094450407246	79
-33.09528734996914	8.382358349085479	79
-33.07302345049993	8.382358349085479	79
-33.061891500369846	8.382358349085479	78
-33.03962760010967	8.371226399746362	78
-33.03962760010967	8.360094450407246	78
-33.03962760010967	8.360094450407246	78
-33.028495649979575	8.34896250106813	77
-33.028495649979575	8.34896250106813	77
-33.01736369984949	8.34896250106813	77
-33.01736369984949	8.34896250106813	77
-33.01736369984949	8.34896250106813	76
-33.01736369984949	8.34896250106813	76
-33.01736369984949	8.34896250106813	76
-33.01736369984949	8.34896250106813	76
-33.01736369984949	8.34896250106813	75
-33.01736369984949	8.34896250106813	75
-33.01736369984949	8.34896250106813	75
-33.01736369984949	8.34896250106813	75
-33.01736369984949	8.34896250106813	74
-33.01736369984949	8.34896250106813	74
-33.01736369984949	8.34896250106813	74
-33.01736369984949	8.34896250106813	74
-33.01736369984949	8.34896250106813	73
-33.01736369984949	8.34896250106813	73
-33.01736369984949	8.34896250106813	73
-33.01736369984949	8.34896250106813	73
-33.01736369984949	8.34896250106813	72
-33.01736369984949	8.34896250106813	72
-33.01736369984949	8.34896250106813	72
-33.01736369984949	8.34896250106813	72
-33.01736369984949	8.34896250106813	71
-33.01736369984949	8.34896250106813	71
-33.01736369984949	8.34896250106813	71
-33.01736369984949	8.34896250106813	71
-33.01736369984949	8.34896250106813	70
-33.01736369984949	8.34896250106813	70
-33.01736369984949	8.34896250106813	70
-33.01736369984949	8.34896250106813	70
-33.01736369984949	8.34896250106813	69
-33.01736369984949	8.34896250106813	69
-33.01736369984949	8.34896250106813	69
-33.01736369984949	8.34896250106813	69
-33.01736369984949	8.34896250106813	69
-33.01736369984949	8.34896250106813	68
-33.01736369984949	8.34896250106813	68
-33.01736369984949	8.34896250106813	68
-33.01736369984949	8.34896250106813	68
-33.01736369984949	8.34896250106813	67
-33.01736369984949	8.34896250106813	67
-33.01736369984949	8.34896250106813	67
-33.01736369984949	8.34896250106813	67
-33.01736369984949	8.34896250106813	66
-33.01736369984949	8.34896250106813	66
-33.01736369984949	8.34896250106813	66
-33.01736369984949	8.34896250106813	66
-33.01736369984949	8.34896250106813	65
-33.01736369984949	8.34896250106813	65
-33.01736369984949	8.34896250106813	65
-33.01736369984949	8.34896250106813	65
-33.01736369984949	8.34896250106813	65
-33.01736369984949	8.34896250106813	64
-33.01736369984949	8.34896250106813	64
-33.01736369984949	8.34896250106813	64
-33.01736369984949	8.34896250106813	64
-33.01736369984949	8.34896250106813	63
-33.01736369984949	8.34896250106813	63
-33.01736369984949	8.34896250106813	63
-33.01736369984949	8.34896250106813	63
-33.01736369984949	8.34896250106813	62
-33.01736369984949	8.34896250106813	62
-33.01736369984949	8.34896250106813	62
-33.01736369984949	8.34896250106813	62
-33.01736369984949	8.34896250106813	61
-33.01736369984949	8.34896250106813	61
-33.01736369984949	8.34896250106813	61
-33.01736369984949	8.34896250106813	61
-33.01736369984949	8.34896250106813	60
-33.01736369984949	8.34896250106813	60
-33.01736369984949	8.34896250106813	60
-33.01736369984949	8.34896250106813	60
-33.01736369984949	8.34896250106813	60
-33.01736369984949	8.34896250106813	59
-33.01736369984949	8.34896250106813	59
-33.01736369984949	8.34896250106813	59
-33.01736369984949	8.34896250106813	59
-33.01736369984949	8.34896250106813	58
-33.01736369984949	8.34896250106813	58
-33.01736369984949	8.34896250106813	58
-33.01736369984949	8.34896250106813	58
-33.01736369984949	8.34896250106813	57
-33.01736369984949	8.34896250106813	57
-33.01736369984949	8.34896250106813	57
-33.01736369984949	8.34896250106813	57
-33.01736369984949	8.34896250106813	56
-33.01736369984949	8.34896250106813	56
-33.01736369984949	8.34896250106813	56
-33.01736369984949	8.34896250106813	56
-33.01736369984949	8.34896250106813	55
-33.01736369984949	8.34896250106813	55
-33.01736369984949	8.34896250106813	55
-33.01736369984949	8.34896250106813	55
-33.01736369984949	8.34896250106813	54
-33.01736369984949	8.34896250106813	54
-33.01736369984949	8.34896250106813	54
-33.01736369984949	8.34896250106813	54
-33.00623175051037	8.34896250106813	54
-33.00623175051037	8.34896250106813	54
-33.00623175051037	8.34896250106813	54
-33.00623175051037	8.34896250106813	54
-33.00623175051037	8.34896250106813	54
-33.00623175051037	8.34896250106813	54
-33.00623175051037	8.34896250106813	54
-33.00623175051037	8.34896250106813	54
-33.00623175051037	8.34896250106813	54
-33.00623175051037	8.34896250106813	54
-33.00623175051037	8.34896250106813	54
-33.00623175051037	8.34896250106813	54
-33.00623175051037	8.34896250106813	54
-33.00623175051037	8.34896250106813	54
-33.00623175051037	8.34896250106813	54
-33.00623175051037	8.34896250106813	54
-33.00623175051037	8.34896250106813	54
-33.00623175051037	8.34896250106813	54
-33.00623175051037	8.34896250106813	54
-33.00623175051037	8.34896250106813	54
-33.00623175051037	8.34896250106813	54
-33.00623175051037	8.34896250106813	54
-33.00623175051037	8.34896250106813	54
-33.00623175051037	8.34896250106813	54
-33.00623175051037	8.34896250106813	54
-33.00623175051037	8.34896250106813	54
-33.00623175051037	8.34896250106813	54
-33.00623175051037	8.34896250106813	54
-33.00623175051037	8.34896250106813	54
-33.00623175051037	8.34896250106813	54
-33.00623175051037	8.34896250106813	54
-33.00623175051037	8.34896250106813	54
-33.00623175051037	8.34896250106813	54
-33.00623175051037	8.34896250106813	54
-33.00623175051037	8.34896250106813	54
-33.00623175051037	8.34896250106813	54
-33.00623175051037	8.34896250106813	54
-33.00623175051037	8.34896250106813	54
-33.00623175051037	8.34896250106813	54
-33.00623175051037	8.34896250106813	54
-33.00623175051037	8.34896250106813	54
-33.00623175051037	8.34896250106813	54
-33.00623175051037	8.34896250106813	54
-33.00623175051037	8.34896250106813	54
-33.00623175051037	8.34896250106813	54
-33.00623175051037	8.34896250106813	54
-33.00623175051037	8.34896250106813	54
-33.00623175051037	8.34896250106813	54
-33.00623175051037	8.34896250106813	54
-33.00623175051037	8.34896250106813	54
-33.00623175051037	8.34896250106813	54
-33.00623175051037	8.34896250106813	54
-33.00623175051037	8.34896250106813	54
-33.00623175051037	8.34896250106813	54
-33.00623175051037	8.34896250106813	54
-33.00623175051037	8.34896250106813	54
-33.00623175051037	8.34896250106813	54
-33.00623175051037	8.34896250106813	54
-33.00623175051037	8.34896250106813	54
-33.00623175051037	8.34896250106813	54
-33.00623175051037	8.34896250106813	54
-33.00623175051037	8.34896250106813	54
-33.00623175051037	8.34896250106813	54
-33.00623175051037	8.34896250106813	54
-33.00623175051037	8.34896250106813	54
-33.00623175051037	8.34896250106813	54
-33.00623175051037	8.34896250106813	54
-33.00623175051037	8.34896250106813	54
-33.00623175051037	8.34896250106813	54
-33.00623175051037	8.34896250106813	54
-33.00623175051037	8.34896250106813	54
-33.00623175051037	8.34896250106813	54
-33.00623175051037	8.34896250106813	54
-33.00623175051037	8.34896250106813	54
-33.00623175051037	8.34896250106813	54
-33.00623175051037	8.34896250106813	54
-33.00623175051037	8.34896250106813	54
-33.00623175051037	8.34896250106813	54
-33.00623175051037	8.34896250106813	54
-33.01736369984949	8.360094450407246	54
-33.01736369984949	8.360094450407246	54
-33.01736369984949	8.360094450407246	54
-33.01736369984949	8.360094450407246	54
-33.01736369984949	8.360094450407246	54
-33.01736369984949	8.360094450407246	54
-33.01736369984949	8.360094450407246	54
-33.01736369984949	8.360094450407246	54
-33.01736369984949	8.360094450407246	54
-33.01736369984949	8.360094450407246	54
-33.01736369984949	8.360094450407246	54
-33.01736369984949	8.360094450407246	54
-33.01736369984949	8.360094450407246	54
-33.01736369984949	8.360094450407246	54
